DepartureTime,FlightNumber,;#Flight Id,Category,Positions,Terminal,Ground Handler,MakeupUnit,MakeupOpening,MakeupClosing,AssignedCarousel,UnassignedReason,OriginalCategory,FinalCategory,CategoryChanged,AssignedCarousels,SplitCount
2040-12-05 00:45:00,TZ202,7,Wide,7,E,TZ,T5CE001,2040-12-04 22:15:00,2040-12-05 00:15:00,MUC101,,Wide,Wide,NO,MUC101,1
2040-12-05 00:55:00,TR2728,9,Narrow,3,W,TR,T5CW003L,2040-12-04 22:25:00,2040-12-05 00:25:00,MUC105,,Narrow,Narrow,NO,MUC105,1
2040-12-05 01:00:00,TZ22,17,Wide,7,E,TZ,T5CE003,2040-12-04 22:30:00,2040-12-05 00:30:00,MUC102,,Wide,Wide,NO,MUC102,1
2040-12-05 01:35:00,TZ1904,62,Wide,7,E,TZ,T5CE004,2040-12-04 23:05:00,2040-12-05 01:05:00,MUC103,,Wide,Wide,NO,MUC103,1
2040-12-05 01:35:00,TZ1902,38,Wide,7,W,TZ,T5CW004,2040-12-04 23:05:00,2040-12-05 01:05:00,MUC106,,Wide,Wide,NO,MUC106,1
2040-12-05 01:35:00,TZ1906,52,Wide,7,W,TZ,T5CW009,2040-12-04 23:05:00,2040-12-05 01:05:00,MUC107,,Wide,Wide,NO,MUC107,1
2040-12-05 01:45:00,TZ96,10,Wide,7,E,TZ,T5CE002,2040-12-04 23:15:00,2040-12-05 01:15:00,MUC104,,Wide,Wide,NO,MUC104,1
2040-12-05 01:45:00,TZ228,3,Wide,7,W,TZ,T5CW008,2040-12-04 23:15:00,2040-12-05 01:15:00,MUC109,,Wide,Wide,NO,MUC109,1
2040-12-05 01:45:00,TZ2,2,Wide,7,W,TZ,T5CW005,2040-12-04 23:15:00,2040-12-05 01:15:00,MUC108,,Wide,Wide,NO,MUC108,1
2040-12-05 01:55:00,TZ220,4,Wide,7,E,TZ,T5CE007,2040-12-04 23:25:00,2040-12-05 01:25:00,MUC201,,Wide,Wide,NO,MUC201,1
2040-12-05 02:00:00,TZ5507,5,Wide,7,W,TZ,T5CW010,2040-12-04 23:30:00,2040-12-05 01:30:00,MUC110,,Wide,Wide,NO,MUC110,1
2040-12-05 02:00:00,TZ2402,15,Wide,7,E,TZ,T5CE005,2040-12-04 23:30:00,2040-12-05 01:30:00,MUC202,,Wide,Wide,NO,MUC202,1
2040-12-05 03:00:00,TZ3617,74,Wide,7,E,TZ,T5CE003,2040-12-05 00:30:00,2040-12-05 02:30:00,MUC203,,Wide,Wide,NO,MUC203,1
2040-12-05 06:00:00,TR2986,27,Narrow,3,W,TR,T5CW011R,2040-12-05 03:30:00,2040-12-05 05:30:00,MUC205,,Narrow,Narrow,NO,MUC205,1
2040-12-05 06:05:00,TR2062,130,Narrow,3,E,TR,T5CE010R,2040-12-05 03:35:00,2040-12-05 05:35:00,MUC101,,Narrow,Narrow,NO,MUC101,1
2040-12-05 06:05:00,TZ128,68,Wide,7,E,TZ,T5CE004,2040-12-05 03:35:00,2040-12-05 05:35:00,MUC204,,Wide,Wide,NO,MUC204,1
2040-12-05 06:30:00,TZ298,173,Wide,7,W,TZ,T5CW009,2040-12-05 04:00:00,2040-12-05 06:00:00,MUC206,,Wide,Wide,NO,MUC206,1
2040-12-05 06:30:00,TR5011,274,Narrow,3,W,TR,T5CW005,2040-12-05 04:00:00,2040-12-05 06:00:00,MUC207,,Narrow,Narrow,NO,MUC207,1
2040-12-05 06:30:00,TR2102,47,Narrow,3,E,TR,T5CE007L,2040-12-05 04:00:00,2040-12-05 06:00:00,MUC102,,Narrow,Narrow,NO,MUC102,1
2040-12-05 06:50:00,MI750,76,Narrow,3,E,MI,T5CE005L,2040-12-05 04:20:00,2040-12-05 06:20:00,MUC103,,Narrow,Narrow,NO,MUC103,1
2040-12-05 07:00:00,MI52,57,Narrow,3,E,MI,T5CE005R,2040-12-05 04:30:00,2040-12-05 06:30:00,MUC104,,Narrow,Narrow,NO,MUC104,1
2040-12-05 07:00:00,MI176,41,Narrow,3,W,MI,T5CW011L,2040-12-05 04:30:00,2040-12-05 06:30:00,MUC208,,Narrow,Narrow,NO,MUC208,1
2040-12-05 07:00:00,MI424,46,Narrow,3,W,MI,T5CW003R,2040-12-05 04:30:00,2040-12-05 06:30:00,MUC209,,Narrow,Narrow,NO,MUC209,1
2040-12-05 07:00:00,MI962,515,Narrow,3,W,MI,T5CW007L,2040-12-05 04:30:00,2040-12-05 06:30:00,MUC210,,Narrow,Narrow,NO,MUC210,1
2040-12-05 07:00:00,TR98,237,Narrow,3,E,TR,T5CE001,2040-12-05 04:30:00,2040-12-05 06:30:00,MUC201,,Narrow,Narrow,NO,MUC201,1
2040-12-05 07:10:00,TR3605,510,Narrow,3,E,TR,T5CE011R,2040-12-05 04:40:00,2040-12-05 06:40:00,MUC202,,Narrow,Narrow,NO,MUC202,1
2040-12-05 07:10:00,MI322,204,Narrow,3,W,MI,T5CW001L,2040-12-05 04:40:00,2040-12-05 06:40:00,MUC105,,Narrow,Narrow,NO,MUC105,1
2040-12-05 07:10:00,MI2499,302,Narrow,3,W,MI,T5CW007R,2040-12-05 04:40:00,2040-12-05 06:40:00,MUC106,,Narrow,Narrow,NO,MUC106,1
2040-12-05 07:15:00,TZ3609,51,Wide,7,E,TZ,T5CE003,2040-12-05 04:45:00,2040-12-05 06:45:00,MUC203,,Wide,Wide,NO,MUC203,1
2040-12-05 07:20:00,MI64,196,Narrow,3,W,MI,T5CW011R,2040-12-05 04:50:00,2040-12-05 06:50:00,MUC107,,Narrow,Narrow,NO,MUC107,1
2040-12-05 07:20:00,TR3625,58,Narrow,3,E,TR,T5CE007R,2040-12-05 04:50:00,2040-12-05 06:50:00,MUC204,,Narrow,Narrow,NO,MUC204,1
2040-12-05 07:25:00,MI20,228,Narrow,3,E,MI,T5CE011L,2040-12-05 04:55:00,2040-12-05 06:55:00,MUC203,,Narrow,Narrow,NO,MUC203,1
2040-12-05 07:25:00,MI22,225,Narrow,3,W,MI,T5CW001R,2040-12-05 04:55:00,2040-12-05 06:55:00,MUC108,,Narrow,Narrow,NO,MUC108,1
2040-12-05 07:30:00,MI436,374,Narrow,3,E,MI,T5CE008L,2040-12-05 05:00:00,2040-12-05 07:00:00,SPLIT,,Narrow,Narrow,NO,MUC103+MUC104+MUC201,3
2040-12-05 07:30:00,TR5003,131,Narrow,3,E,TR,T5CE006,2040-12-05 05:00:00,2040-12-05 07:00:00,SPLIT,,Narrow,Narrow,NO,MUC204+MUC101+MUC102,3
2040-12-05 07:35:00,TR3667,129,Narrow,3,W,TR,T5CW008L,2040-12-05 05:05:00,2040-12-05 07:05:00,MUC109,,Narrow,Narrow,NO,MUC109,1
2040-12-05 07:40:00,MI234,372,Narrow,3,W,MI,T5CW003L,2040-12-05 05:10:00,2040-12-05 07:10:00,MUC110,,Narrow,Narrow,NO,MUC110,1
2040-12-05 07:45:00,MI602,229,Narrow,3,W,MI,T5CW008R,2040-12-05 05:15:00,2040-12-05 07:15:00,MUC206,,Narrow,Narrow,NO,MUC206,1
2040-12-05 07:50:00,TR3627,281,Wide,3,E,TR,T5CE008R,2040-12-05 05:20:00,2040-12-05 07:20:00,MUC104,,Narrow,Wide,YES,MUC104,1
2040-12-05 07:55:00,TR3601,423,Narrow,3,W,TR,T5CW002L,2040-12-05 05:25:00,2040-12-05 07:25:00,SPLIT,,Narrow,Narrow,NO,MUC207+MUC208+MUC209,3
2040-12-05 08:00:00,TZ3621,116,Wide,7,W,TZ,T5CW009,2040-12-05 05:30:00,2040-12-05 07:30:00,MUC208,,Wide,Wide,NO,MUC208,1
2040-12-05 08:00:00,TR2152,153,Wide,3,E,TR,T5CE009R,2040-12-05 05:30:00,2040-12-05 07:30:00,MUC201,,Narrow,Wide,YES,MUC201,1
2040-12-05 08:00:00,MI922,548,Wide,3,E,MI,R5CE501L,2040-12-05 05:30:00,2040-12-05 07:30:00,MUC202,,Narrow,Wide,YES,MUC202,1
2040-12-05 08:05:00,TR1996,69,Narrow,3,W,TR,T5CW002R,2040-12-05 05:35:00,2040-12-05 07:35:00,MUC205,,Narrow,Narrow,NO,MUC205,1
2040-12-05 08:10:00,TZ3604,206,Wide,7,E,TZ,T5CE004,2040-12-05 05:40:00,2040-12-05 07:40:00,MUC102,,Wide,Wide,NO,MUC102,1
2040-12-05 08:10:00,TR2274,135,Narrow,3,E,TR,T5CE009L,2040-12-05 05:40:00,2040-12-05 07:40:00,MUC101,,Narrow,Narrow,NO,MUC101,1
2040-12-05 08:15:00,TR1994,100,Narrow,3,W,TR,R5CW501,2040-12-05 05:45:00,2040-12-05 07:45:00,SPLIT,,Narrow,Narrow,NO,MUC206+MUC210+MUC105,3
2040-12-05 08:20:00,MI3640,163,Narrow,3,W,MI,T5CW006R,2040-12-05 05:50:00,2040-12-05 07:50:00,SPLIT,,Narrow,Narrow,NO,MUC106+MUC107+MUC108,3
2040-12-05 08:20:00,TR2782,137,Wide,3,E,TR,R5CE503L,2040-12-05 05:50:00,2040-12-05 07:50:00,MUC103,,Narrow,Wide,YES,MUC103,1
2040-12-05 08:20:00,MI2493,257,Narrow,3,W,MI,T5CW010L,2040-12-05 05:50:00,2040-12-05 07:50:00,SPLIT,,Narrow,Narrow,NO,MUC109+MUC110+MUC205,3
2040-12-05 08:25:00,TR2106,101,Wide,3,W,TR,R5DW701L,2040-12-05 05:55:00,2040-12-05 07:55:00,MUC110,,Narrow,Wide,YES,MUC110,1
2040-12-05 08:30:00,MI3624,659,Wide,3,W,MI,T5CW010R,2040-12-05 06:00:00,2040-12-05 08:00:00,MUC210,,Narrow,Wide,YES,MUC210,1
2040-12-05 08:30:00,MI802,162,Wide,3,W,MI,R5CW502L,2040-12-05 06:00:00,2040-12-05 08:00:00,MUC209,,Narrow,Wide,YES,MUC209,1
2040-12-05 08:30:00,MI1979,85,Narrow,3,W,MI,T5CW006L,2040-12-05 06:00:00,2040-12-05 08:00:00,MUC207,,Narrow,Narrow,NO,MUC207,1
2040-12-05 08:30:00,TR94,70,Narrow,3,E,TR,R5CE604R,2040-12-05 06:00:00,2040-12-05 08:00:00,MUC102,,Narrow,Narrow,NO,MUC102,1
2040-12-05 08:30:00,TR3611,254,Wide,3,E,TR,R5DE703R,2040-12-05 06:00:00,2040-12-05 08:00:00,MUC103,,Narrow,Wide,YES,MUC103,1
2040-12-05 08:30:00,MI162,521,Wide,3,E,MI,R5CE503R,2040-12-05 06:00:00,2040-12-05 08:00:00,MUC104,,Narrow,Wide,YES,MUC104,1
2040-12-05 08:35:00,TR2662,232,Wide,3,W,TR,R5DW703L,2040-12-05 06:05:00,2040-12-05 08:05:00,MUC105,,Narrow,Wide,YES,MUC105,1
2040-12-05 08:50:00,TZ5513,90,Wide,7,W,TZ,T5CW004,2040-12-05 06:20:00,2040-12-05 08:20:00,MUC106,,Wide,Wide,NO,MUC106,1
2040-12-05 08:55:00,TR2994,323,Wide,3,W,TR,T5CW007R,2040-12-05 06:25:00,2040-12-05 08:25:00,MUC107,,Narrow,Wide,YES,MUC107,1
2040-12-05 09:00:00,TR2428,133,Narrow,3,W,TR,R5CW603L,2040-12-05 06:30:00,2040-12-05 08:30:00,MUC208,,Narrow,Narrow,NO,MUC208,1
2040-12-05 09:00:00,TR92,224,Narrow,3,E,TR,T5CE008L,2040-12-05 06:30:00,2040-12-05 08:30:00,MUC201,,Narrow,Narrow,NO,MUC201,1
2040-12-05 09:00:00,MI588,298,Narrow,3,E,MI,R5CE501R,2040-12-05 06:30:00,2040-12-05 08:30:00,MUC103,,Narrow,Narrow,NO,MUC103,1
2040-12-05 09:05:00,MI3633,126,Narrow,3,W,MI,R5CW502R,2040-12-05 06:35:00,2040-12-05 08:35:00,MUC209,,Narrow,Narrow,NO,MUC209,1
2040-12-05 09:10:00,MI412,277,Narrow,3,E,MI,T5CE007L,2040-12-05 06:40:00,2040-12-05 08:40:00,MUC104,,Narrow,Narrow,NO,MUC104,1
2040-12-05 09:25:00,MI296,191,Narrow,3,W,MI,T5CW003R,2040-12-05 06:55:00,2040-12-05 08:55:00,MUC210,,Narrow,Narrow,NO,MUC210,1
2040-12-05 09:30:00,TR1988,355,Narrow,3,W,TR,T5CW011R,2040-12-05 07:00:00,2040-12-05 09:00:00,MUC105,,Narrow,Narrow,NO,MUC105,1
2040-12-05 09:35:00,TR2502,118,Narrow,3,W,TR,T5CW011L,2040-12-05 07:05:00,2040-12-05 09:05:00,MUC107,,Narrow,Narrow,NO,MUC107,1
2040-12-05 09:35:00,TR3603,117,Narrow,3,W,TR,T5CW001L,2040-12-05 07:05:00,2040-12-05 09:05:00,MUC106,,Narrow,Narrow,NO,MUC106,1
2040-12-05 09:45:00,TR2454,331,Narrow,3,W,TR,T5CW007L,2040-12-05 07:15:00,2040-12-05 09:15:00,MUC108,,Narrow,Narrow,NO,MUC108,1
2040-12-05 10:00:00,TR2308,188,Narrow,3,W,TR,T5CW003L,2040-12-05 07:30:00,2040-12-05 09:30:00,MUC109,,Narrow,Narrow,NO,MUC109,1
2040-12-05 10:00:00,TR2916,543,Narrow,3,E,TR,T5CE011L,2040-12-05 07:30:00,2040-12-05 09:30:00,MUC202,,Narrow,Narrow,NO,MUC202,1
2040-12-05 10:05:00,TR2182,149,Narrow,3,E,TR,T5CE002L,2040-12-05 07:35:00,2040-12-05 09:35:00,MUC203,,Narrow,Narrow,NO,MUC203,1
2040-12-05 10:10:00,TZ5501,134,Wide,7,W,TZ,T5CW009,2040-12-05 07:40:00,2040-12-05 09:40:00,MUC205,,Wide,Wide,NO,MUC205,1
2040-12-05 10:10:00,TZ5503,121,Wide,7,E,TZ,T5CE005,2040-12-05 07:40:00,2040-12-05 09:40:00,MUC204,,Wide,Wide,NO,MUC204,1
2040-12-05 10:15:00,TR2278,170,Narrow,3,E,TR,T5CE008R,2040-12-05 07:45:00,2040-12-05 09:45:00,MUC101,,Narrow,Narrow,NO,MUC101,1
2040-12-05 10:20:00,TR2154,152,Narrow,3,E,TR,T5CE011R,2040-12-05 07:50:00,2040-12-05 09:50:00,MUC204,,Narrow,Narrow,NO,MUC204,1
2040-12-05 10:25:00,TR3659,150,Narrow,3,W,TR,T5CW001R,2040-12-05 07:55:00,2040-12-05 09:55:00,MUC206,,Narrow,Narrow,NO,MUC206,1
2040-12-05 10:25:00,TZ82,306,Wide,7,E,TZ,T5CE006,2040-12-05 07:55:00,2040-12-05 09:55:00,MUC101,,Wide,Wide,NO,MUC101,1
2040-12-05 10:30:00,TR1984,216,Narrow,3,E,TR,T5CE009L,2040-12-05 08:00:00,2040-12-05 10:00:00,MUC102,,Narrow,Narrow,NO,MUC102,1
2040-12-05 10:45:00,TZ3602,139,Wide,7,E,TZ,T5CE003,2040-12-05 08:15:00,2040-12-05 10:15:00,MUC103,,Wide,Wide,NO,MUC103,1
2040-12-05 11:00:00,TR2742,217,Narrow,3,E,TR,T5CE009R,2040-12-05 08:30:00,2040-12-05 10:30:00,MUC201,,Narrow,Narrow,NO,MUC201,1
2040-12-05 11:00:00,TZ226,161,Wide,7,W,TZ,T5CW005,2040-12-05 08:30:00,2040-12-05 10:30:00,MUC208,,Wide,Wide,NO,MUC208,1
2040-12-05 11:00:00,TR2640,151,Narrow,3,W,TR,T5CW008L,2040-12-05 08:30:00,2040-12-05 10:30:00,MUC207,,Narrow,Narrow,NO,MUC207,1
2040-12-05 11:25:00,TZ5511,141,Wide,7,E,TZ,T5CE001,2040-12-05 08:55:00,2040-12-05 10:55:00,MUC202,,Wide,Wide,NO,MUC202,1
2040-12-05 11:55:00,TR2176,415,Narrow,3,W,TR,T5CW003L,2040-12-05 09:25:00,2040-12-05 11:25:00,MUC209,,Narrow,Narrow,NO,MUC209,1
2040-12-05 12:00:00,TR84,172,Narrow,3,W,TR,T5CW011R,2040-12-05 09:30:00,2040-12-05 11:30:00,MUC210,,Narrow,Narrow,NO,MUC210,1
2040-12-05 12:00:00,TR3631,253,Narrow,3,W,TR,T5CW006R,2040-12-05 09:30:00,2040-12-05 11:30:00,MUC105,,Narrow,Narrow,NO,MUC105,1
2040-12-05 12:00:00,TR2996,283,Narrow,3,W,TR,T5CW011L,2040-12-05 09:30:00,2040-12-05 11:30:00,MUC106,,Narrow,Narrow,NO,MUC106,1
2040-12-05 12:15:00,TZ206,165,Wide,7,W,TZ,T5CW009,2040-12-05 09:45:00,2040-12-05 11:45:00,MUC107,,Wide,Wide,NO,MUC107,1
2040-12-05 12:15:00,TZ5525,243,Wide,7,E,TZ,T5CE010,2040-12-05 09:45:00,2040-12-05 11:45:00,MUC203,,Wide,Wide,NO,MUC203,1
2040-12-05 12:30:00,TZ8,199,Wide,7,E,TZ,T5CE004,2040-12-05 10:00:00,2040-12-05 12:00:00,MUC204,,Wide,Wide,NO,MUC204,1
2040-12-05 12:35:00,TR2104,248,Narrow,3,W,TR,T5CW007R,2040-12-05 10:05:00,2040-12-05 12:05:00,MUC108,,Narrow,Narrow,NO,MUC108,1
2040-12-05 12:50:00,TR3615,189,Narrow,3,E,TR,T5CE005R,2040-12-05 10:20:00,2040-12-05 12:20:00,MUC101,,Narrow,Narrow,NO,MUC101,1
2040-12-05 12:50:00,TR3647,207,Narrow,3,W,TR,T5CW007L,2040-12-05 10:20:00,2040-12-05 12:20:00,MUC109,,Narrow,Narrow,NO,MUC109,1
2040-12-05 12:55:00,TR2904,661,Narrow,3,E,TR,T5CE008L,2040-12-05 10:25:00,2040-12-05 12:25:00,MUC102,,Narrow,Narrow,NO,MUC102,1
2040-12-05 13:00:00,TR8,255,Narrow,3,E,TR,T5CE005L,2040-12-05 10:30:00,2040-12-05 12:30:00,MUC103,,Narrow,Narrow,NO,MUC103,1
2040-12-05 13:00:00,TR2324,212,Narrow,3,W,TR,T5CW003L,2040-12-05 10:30:00,2040-12-05 12:30:00,MUC110,,Narrow,Narrow,NO,MUC110,1
2040-12-05 13:20:00,TR3629,226,Narrow,3,W,TR,T5CW001L,2040-12-05 10:50:00,2040-12-05 12:50:00,MUC205,,Narrow,Narrow,NO,MUC205,1
2040-12-05 13:20:00,TR2132,519,Narrow,3,W,TR,T5CW011L,2040-12-05 10:50:00,2040-12-05 12:50:00,MUC206,,Narrow,Narrow,NO,MUC206,1
2040-12-05 13:35:00,TR3669,336,Narrow,3,W,TR,T5CW003R,2040-12-05 11:05:00,2040-12-05 13:05:00,MUC207,,Narrow,Narrow,NO,MUC207,1
2040-12-05 14:00:00,TZ5515,218,Wide,7,E,TZ,T5CE003,2040-12-05 11:30:00,2040-12-05 13:30:00,MUC201,,Wide,Wide,NO,MUC201,1
2040-12-05 14:00:00,TR2066,213,Narrow,3,E,TR,T5CE008L,2040-12-05 11:30:00,2040-12-05 13:30:00,MUC104,,Narrow,Narrow,NO,MUC104,1
2040-12-05 14:00:00,TZ3607,200,Wide,7,W,TZ,T5CW009,2040-12-05 11:30:00,2040-12-05 13:30:00,MUC208,,Wide,Wide,NO,MUC208,1
2040-12-05 14:00:00,TR2702,343,Narrow,3,W,TR,T5CW003L,2040-12-05 11:30:00,2040-12-05 13:30:00,MUC209,,Narrow,Narrow,NO,MUC209,1
2040-12-05 14:30:00,TR2424,238,Narrow,3,W,TR,T5CW007R,2040-12-05 12:00:00,2040-12-05 14:00:00,MUC210,,Narrow,Narrow,NO,MUC210,1
2040-12-05 14:30:00,TR80,247,Narrow,3,E,TR,T5CE005R,2040-12-05 12:00:00,2040-12-05 14:00:00,MUC202,,Narrow,Narrow,NO,MUC202,1
2040-12-05 14:40:00,TR2458,227,Narrow,3,W,TR,T5CW007L,2040-12-05 12:10:00,2040-12-05 14:10:00,MUC105,,Narrow,Narrow,NO,MUC105,1
2040-12-05 15:20:00,TR2288,256,Narrow,3,W,TR,T5CW001L,2040-12-05 12:50:00,2040-12-05 14:50:00,MUC106,,Narrow,Narrow,NO,MUC106,1
2040-12-05 15:20:00,TR2482,594,Narrow,3,E,TR,T5CE008L,2040-12-05 12:50:00,2040-12-05 14:50:00,MUC203,,Narrow,Narrow,NO,MUC203,1
2040-12-05 15:30:00,TR2328,276,Narrow,3,W,TR,T5CW011L,2040-12-05 13:00:00,2040-12-05 15:00:00,MUC108,,Narrow,Narrow,NO,MUC108,1
2040-12-05 15:30:00,TR2112,246,Narrow,3,W,TR,T5CW007R,2040-12-05 13:00:00,2040-12-05 15:00:00,MUC107,,Narrow,Narrow,NO,MUC107,1
2040-12-05 15:55:00,TR2476,386,Narrow,3,W,TR,T5CW003R,2040-12-05 13:25:00,2040-12-05 15:25:00,MUC109,,Narrow,Narrow,NO,MUC109,1
2040-12-05 16:00:00,TR1978,311,Narrow,3,E,TR,T5CE009L,2040-12-05 13:30:00,2040-12-05 15:30:00,MUC204,,Narrow,Narrow,NO,MUC204,1
2040-12-05 16:05:00,TZ5509,272,Wide,7,W,TZ,T5CW009,2040-12-05 13:35:00,2040-12-05 15:35:00,MUC110,,Wide,Wide,NO,MUC110,1
2040-12-05 16:15:00,TR1976,324,Narrow,3,E,TR,T5CE005R,2040-12-05 13:45:00,2040-12-05 15:45:00,MUC101,,Narrow,Narrow,NO,MUC101,1
2040-12-05 16:20:00,TR3607,327,Narrow,3,W,TR,T5CW007L,2040-12-05 13:50:00,2040-12-05 15:50:00,MUC205,,Narrow,Narrow,NO,MUC205,1
2040-12-05 16:35:00,TR2464,290,Narrow,3,E,TR,T5CE008L,2040-12-05 14:05:00,2040-12-05 16:05:00,MUC102,,Narrow,Narrow,NO,MUC102,1
2040-12-05 16:45:00,TZ5517,332,Wide,7,E,TZ,T5CE001,2040-12-05 14:15:00,2040-12-05 16:15:00,MUC103,,Wide,Wide,NO,MUC103,1
2040-12-05 17:00:00,TR3653,317,Narrow,3,W,TR,T5CW003L,2040-12-05 14:30:00,2040-12-05 16:30:00,MUC207,,Narrow,Narrow,NO,MUC207,1
2040-12-05 17:00:00,TR2068,284,Narrow,3,W,TR,T5CW007R,2040-12-05 14:30:00,2040-12-05 16:30:00,MUC206,,Narrow,Narrow,NO,MUC206,1
2040-12-05 17:10:00,TZ108,303,Wide,7,E,TZ,T5CE003,2040-12-05 14:40:00,2040-12-05 16:40:00,MUC104,,Wide,Wide,NO,MUC104,1
2040-12-05 17:30:00,TR2656,291,Narrow,3,W,TR,T5CW007L,2040-12-05 15:00:00,2040-12-05 17:00:00,MUC208,,Narrow,Narrow,NO,MUC208,1
2040-12-05 17:35:00,TZ302,330,Wide,7,W,TZ,T5CW005,2040-12-05 15:05:00,2040-12-05 17:05:00,MUC209,,Wide,Wide,NO,MUC209,1
2040-12-05 17:35:00,TR3637,591,Narrow,3,E,TR,T5CE008L,2040-12-05 15:05:00,2040-12-05 17:05:00,MUC202,,Narrow,Narrow,NO,MUC202,1
2040-12-05 17:35:00,TZ336,337,Wide,7,E,TZ,T5CE004,2040-12-05 15:05:00,2040-12-05 17:05:00,MUC201,,Wide,Wide,NO,MUC201,1
2040-12-05 17:40:00,TR3666,461,Narrow,3,W,TR,T5CW011L,2040-12-05 15:10:00,2040-12-05 17:10:00,MUC210,,Narrow,Narrow,NO,MUC210,1
2040-12-05 17:50:00,TR2726,371,Narrow,3,W,TR,T5CW003R,2040-12-05 15:20:00,2040-12-05 17:20:00,MUC105,,Narrow,Narrow,NO,MUC105,1
2040-12-05 18:00:00,TR2108,335,Narrow,3,W,TR,T5CW011R,2040-12-05 15:30:00,2040-12-05 17:30:00,MUC106,,Narrow,Narrow,NO,MUC106,1
2040-12-05 18:00:00,TR76,529,Narrow,3,W,TR,T5CW007R,2040-12-05 15:30:00,2040-12-05 17:30:00,MUC107,,Narrow,Narrow,NO,MUC107,1
2040-12-05 18:05:00,TR2968,444,Narrow,3,E,TR,T5CE005R,2040-12-05 15:35:00,2040-12-05 17:35:00,MUC203,,Narrow,Narrow,NO,MUC203,1
2040-12-05 18:10:00,TR2272,368,Narrow,3,W,TR,T5CW001L,2040-12-05 15:40:00,2040-12-05 17:40:00,MUC108,,Narrow,Narrow,NO,MUC108,1
2040-12-05 18:15:00,TR3639,416,Narrow,3,E,TR,T5CE005L,2040-12-05 15:45:00,2040-12-05 17:45:00,MUC204,,Narrow,Narrow,NO,MUC204,1
2040-12-05 18:20:00,TR2158,369,Narrow,3,E,TR,T5CE009L,2040-12-05 15:50:00,2040-12-05 17:50:00,MUC101,,Narrow,Narrow,NO,MUC101,1
2040-12-05 18:35:00,TR1974,344,Narrow,3,W,TR,T5CW003L,2040-12-05 16:05:00,2040-12-05 18:05:00,MUC109,,Narrow,Narrow,NO,MUC109,1
2040-12-05 18:50:00,TR2426,334,Narrow,3,E,TR,T5CE008L,2040-12-05 16:20:00,2040-12-05 18:20:00,MUC102,,Narrow,Narrow,NO,MUC102,1
2040-12-05 19:00:00,TR2952,525,Narrow,3,W,TR,T5CW011L,2040-12-05 16:30:00,2040-12-05 18:30:00,MUC205,,Narrow,Narrow,NO,MUC205,1
2040-12-05 19:00:00,TR78,345,Narrow,3,E,TR,T5CE010R,2040-12-05 16:30:00,2040-12-05 18:30:00,MUC103,,Narrow,Narrow,NO,MUC103,1
2040-12-05 19:00:00,TR70,396,Narrow,3,W,TR,T5CW007R,2040-12-05 16:30:00,2040-12-05 18:30:00,MUC110,,Narrow,Narrow,NO,MUC110,1
2040-12-05 19:10:00,TR2466,477,Narrow,3,W,TR,T5CW003R,2040-12-05 16:40:00,2040-12-05 18:40:00,MUC206,,Narrow,Narrow,NO,MUC206,1
2040-12-05 19:15:00,TR1972,349,Narrow,3,E,TR,T5CE006,2040-12-05 16:45:00,2040-12-05 18:45:00,MUC104,,Narrow,Narrow,NO,MUC104,1
2040-12-05 19:15:00,TR72,393,Narrow,3,W,TR,T5CW007L,2040-12-05 16:45:00,2040-12-05 18:45:00,MUC207,,Narrow,Narrow,NO,MUC207,1
2040-12-05 19:15:00,TR2332,394,Narrow,3,E,TR,T5CE009R,2040-12-05 16:45:00,2040-12-05 18:45:00,MUC201,,Narrow,Narrow,NO,MUC201,1
2040-12-05 19:20:00,TR3649,442,Narrow,3,W,TR,T5CW001L,2040-12-05 16:50:00,2040-12-05 18:50:00,MUC209,,Narrow,Narrow,NO,MUC209,1
2040-12-05 19:25:00,TR90,498,Narrow,3,W,TR,T5CW011R,2040-12-05 16:55:00,2040-12-05 18:55:00,SPLIT,,Narrow,Narrow,NO,MUC210+MUC105+MUC106,3
2040-12-05 19:30:00,TR68,597,Narrow,3,E,TR,T5CE009L,2040-12-05 17:00:00,2040-12-05 19:00:00,SPLIT,,Narrow,Narrow,NO,MUC203+MUC204+MUC101,3
2040-12-05 19:30:00,TZ3627,350,Wide,7,E,TZ,T5CE003,2040-12-05 17:00:00,2040-12-05 19:00:00,MUC202,,Wide,Wide,NO,MUC202,1
2040-12-05 19:30:00,TR1970,325,Narrow,3,W,TR,T5CW008L,2040-12-05 17:00:00,2040-12-05 19:00:00,MUC208,,Narrow,Narrow,NO,MUC208,1
2040-12-05 19:40:00,TR1998,346,Narrow,3,W,TR,T5CW003L,2040-12-05 17:10:00,2040-12-05 19:10:00,MUC210,,Narrow,Narrow,NO,MUC210,1
2040-12-05 19:55:00,TR3645,397,Narrow,3,E,TR,T5CE011L,2040-12-05 17:25:00,2040-12-05 19:25:00,MUC202,,Narrow,Narrow,NO,MUC202,1
2040-12-05 20:00:00,TZ3625,356,Wide,7,E,TZ,T5CE002,2040-12-05 17:30:00,2040-12-05 19:30:00,MUC203,,Wide,Wide,NO,MUC203,1
2040-12-05 20:00:00,TZ3623,365,Wide,7,W,TZ,T5CW004,2040-12-05 17:30:00,2040-12-05 19:30:00,MUC105,,Wide,Wide,NO,MUC105,1
2040-12-05 20:00:00,TZ504,387,Wide,7,W,TZ,T5CW009,2040-12-05 17:30:00,2040-12-05 19:30:00,MUC106,,Wide,Wide,NO,MUC106,1
2040-12-05 20:00:00,MI6,437,Narrow,3,E,MI,T5CE008L,2040-12-05 17:30:00,2040-12-05 19:30:00,SPLIT,,Narrow,Narrow,NO,MUC102+MUC103+MUC104,3
2040-12-05 20:10:00,TZ502,366,Wide,7,E,TZ,T5CE001,2040-12-05 17:40:00,2040-12-05 19:40:00,MUC103,,Wide,Wide,NO,MUC103,1
2040-12-05 20:10:00,TR2638,367,Narrow,3,E,TR,T5CE011R,2040-12-05 17:40:00,2040-12-05 19:40:00,MUC203,,Narrow,Narrow,NO,MUC203,1
2040-12-05 20:15:00,TR3641,445,Narrow,3,W,TR,T5CW003R,2040-12-05 17:45:00,2040-12-05 19:45:00,MUC108,,Narrow,Narrow,NO,MUC108,1
2040-12-05 20:15:00,TZ3619,446,Wide,7,W,TZ,T5CW006,2040-12-05 17:45:00,2040-12-05 19:45:00,MUC109,,Wide,Wide,NO,MUC109,1
2040-12-05 20:15:00,TZ3605,395,Wide,7,W,TZ,T5CW010,2040-12-05 17:45:00,2040-12-05 19:45:00,MUC107,,Wide,Wide,NO,MUC107,1
2040-12-05 20:30:00,TR2468,399,Narrow,3,W,TR,T5CW001R,2040-12-05 18:00:00,2040-12-05 20:00:00,MUC105,,Narrow,Narrow,NO,MUC105,1
2040-12-05 20:30:00,TR3651,400,Narrow,3,E,TR,T5CE008R,2040-12-05 18:00:00,2040-12-05 20:00:00,MUC101,,Narrow,Narrow,NO,MUC101,1
2040-12-05 20:30:00,TR3661,361,Narrow,3,E,TR,T5CE010L,2040-12-05 18:00:00,2040-12-05 20:00:00,MUC204,,Narrow,Narrow,NO,MUC204,1
2040-12-05 20:30:00,TR1966,499,Narrow,3,W,TR,T5CW007R,2040-12-05 18:00:00,2040-12-05 20:00:00,MUC106,,Narrow,Narrow,NO,MUC106,1
2040-12-05 20:40:00,TR3663,454,Narrow,3,W,TR,T5CW003L,2040-12-05 18:10:00,2040-12-05 20:10:00,MUC107,,Narrow,Narrow,NO,MUC107,1
2040-12-05 20:55:00,TR3617,462,Narrow,3,W,TR,T5CW008R,2040-12-05 18:25:00,2040-12-05 20:25:00,SPLIT,,Narrow,Narrow,NO,MUC110+MUC205+MUC206,3
2040-12-05 20:55:00,TR3613,455,Narrow,3,W,TR,T5CW002R,2040-12-05 18:25:00,2040-12-05 20:25:00,MUC109,,Narrow,Narrow,NO,MUC109,1
2040-12-05 21:00:00,TZ224,447,Wide,7,E,TZ,T5CE004,2040-12-05 18:30:00,2040-12-05 20:30:00,MUC102,,Wide,Wide,NO,MUC102,1
2040-12-05 21:10:00,TZ3613,527,Wide,7,W,TZ,T5CW005,2040-12-05 18:40:00,2040-12-05 20:40:00,MUC205,,Wide,Wide,NO,MUC205,1
2040-12-05 21:15:00,TR2664,388,Narrow,3,E,TR,T5CE008L,2040-12-05 18:45:00,2040-12-05 20:45:00,MUC103,,Narrow,Narrow,NO,MUC103,1
2040-12-05 21:25:00,TZ3615,535,Wide,7,E,TZ,T5CE003,2040-12-05 18:55:00,2040-12-05 20:55:00,MUC104,,Wide,Wide,NO,MUC104,1
2040-12-05 21:30:00,TR3655,419,Narrow,3,W,TR,T5CW001L,2040-12-05 19:00:00,2040-12-05 21:00:00,MUC206,,Narrow,Narrow,NO,MUC206,1
2040-12-05 21:40:00,TR2988,456,Narrow,3,W,TR,T5CW006R,2040-12-05 19:10:00,2040-12-05 21:10:00,MUC207,,Narrow,Narrow,NO,MUC207,1
2040-12-05 22:00:00,TZ2406,469,Wide,7,E,TZ,T5CE006,2040-12-05 19:30:00,2040-12-05 21:30:00,MUC201,,Wide,Wide,NO,MUC201,1
2040-12-05 22:00:00,TR3657,473,Narrow,3,W,TR,T5CW003L,2040-12-05 19:30:00,2040-12-05 21:30:00,MUC208,,Narrow,Narrow,NO,MUC208,1
2040-12-05 22:15:00,TR2652,586,Narrow,3,E,TR,T5CE008L,2040-12-05 19:45:00,2040-12-05 21:45:00,MUC202,,Narrow,Narrow,NO,MUC202,1
2040-12-05 22:25:00,TZ6,476,Wide,7,W,TZ,T5CW004,2040-12-05 19:55:00,2040-12-05 21:55:00,MUC209,,Wide,Wide,NO,MUC209,1
2040-12-05 22:30:00,TR2624,463,Narrow,3,W,TR,T5CW007L,2040-12-05 20:00:00,2040-12-05 22:00:00,MUC210,,Narrow,Narrow,NO,MUC210,1
2040-12-05 22:50:00,TR2648,500,Narrow,3,W,TR,T5CW007R,2040-12-05 20:20:00,2040-12-05 22:20:00,MUC105,,Narrow,Narrow,NO,MUC105,1
2040-12-05 22:55:00,TR2636,501,Narrow,3,W,TR,T5CW001L,2040-12-05 20:25:00,2040-12-05 22:25:00,MUC106,,Narrow,Narrow,NO,MUC106,1
2040-12-05 23:00:00,TR2668,627,Narrow,3,W,TR,T5CW006R,2040-12-05 20:30:00,2040-12-05 22:30:00,MUC107,,Narrow,Narrow,NO,MUC107,1
2040-12-06 00:45:00,TZ202,669,Wide,7,E,TZ,T5CE003,2040-12-05 22:15:00,2040-12-06 00:15:00,MUC203,,Wide,Wide,NO,MUC203,1
2040-12-06 00:55:00,TR2728,705,Narrow,3,W,TR,T5CW003L,2040-12-05 22:25:00,2040-12-06 00:25:00,MUC108,,Narrow,Narrow,NO,MUC108,1
2040-12-06 01:00:00,TZ22,666,Wide,7,E,TZ,T5CE004,2040-12-05 22:30:00,2040-12-06 00:30:00,MUC204,,Wide,Wide,NO,MUC204,1
2040-12-06 01:35:00,TZ1908,793,Wide,7,W,TZ,T5CW009,2040-12-05 23:05:00,2040-12-06 01:05:00,MUC110,,Wide,Wide,NO,MUC110,1
2040-12-06 01:35:00,TZ1904,729,Wide,7,W,TZ,T5CW005,2040-12-05 23:05:00,2040-12-06 01:05:00,MUC109,,Wide,Wide,NO,MUC109,1
2040-12-06 01:35:00,TZ88,733,Wide,7,E,TZ,T5CE010,2040-12-05 23:05:00,2040-12-06 01:05:00,MUC103,,Wide,Wide,NO,MUC103,1
2040-12-06 01:35:00,TZ1906,695,Wide,7,E,TZ,T5CE001,2040-12-05 23:05:00,2040-12-06 01:05:00,MUC102,,Wide,Wide,NO,MUC102,1
2040-12-06 01:35:00,TZ1902,670,Wide,7,E,TZ,T5CE006,2040-12-05 23:05:00,2040-12-06 01:05:00,MUC101,,Wide,Wide,NO,MUC101,1
2040-12-06 01:45:00,TZ2,703,Wide,7,W,TZ,T5CW004,2040-12-05 23:15:00,2040-12-06 01:15:00,MUC205,,Wide,Wide,NO,MUC205,1
2040-12-06 01:45:00,TZ228,667,Wide,7,E,TZ,T5CE005,2040-12-05 23:15:00,2040-12-06 01:15:00,MUC104,,Wide,Wide,NO,MUC104,1
2040-12-06 01:55:00,TZ220,702,Wide,7,W,TZ,T5CW008,2040-12-05 23:25:00,2040-12-06 01:25:00,MUC206,,Wide,Wide,NO,MUC206,1
2040-12-06 02:00:00,TZ5507,704,Wide,7,W,TZ,T5CW002,2040-12-05 23:30:00,2040-12-06 01:30:00,MUC207,,Wide,Wide,NO,MUC207,1
2040-12-06 03:00:00,TZ3617,716,Wide,7,E,TZ,T5CE004,2040-12-06 00:30:00,2040-12-06 02:30:00,MUC201,,Wide,Wide,NO,MUC201,1
2040-12-06 06:00:00,TR2986,962,Narrow,3,W,TR,T5CW008L,2040-12-06 03:30:00,2040-12-06 05:30:00,MUC208,,Narrow,Narrow,NO,MUC208,1
2040-12-06 06:05:00,TZ128,692,Wide,7,E,TZ,T5CE004,2040-12-06 03:35:00,2040-12-06 05:35:00,MUC202,,Wide,Wide,NO,MUC202,1
2040-12-06 06:05:00,TR2062,820,Narrow,3,W,TR,T5CW001L,2040-12-06 03:35:00,2040-12-06 05:35:00,MUC209,,Narrow,Narrow,NO,MUC209,1
2040-12-06 06:15:00,TZ288,711,Wide,7,E,TZ,T5CE006,2040-12-06 03:45:00,2040-12-06 05:45:00,MUC203,,Wide,Wide,NO,MUC203,1
2040-12-06 06:30:00,TR5011,1142,Narrow,3,E,TR,T5CE009R,2040-12-06 04:00:00,2040-12-06 06:00:00,MUC204,,Narrow,Narrow,NO,MUC204,1
2040-12-06 06:30:00,TR2102,730,Narrow,3,W,TR,T5CW002L,2040-12-06 04:00:00,2040-12-06 06:00:00,MUC210,,Narrow,Narrow,NO,MUC210,1
2040-12-06 06:50:00,TR5009,697,Narrow,3,W,TR,T5CW006L,2040-12-06 04:20:00,2040-12-06 06:20:00,MUC105,,Narrow,Narrow,NO,MUC105,1
2040-12-06 07:00:00,TR98,698,Narrow,3,E,TR,T5CE010L,2040-12-06 04:30:00,2040-12-06 06:30:00,MUC101,,Narrow,Narrow,NO,MUC101,1
2040-12-06 07:05:00,TR2322,708,Narrow,3,E,TR,T5CE008R,2040-12-06 04:35:00,2040-12-06 06:35:00,MUC102,,Narrow,Narrow,NO,MUC102,1
2040-12-06 07:10:00,TR3605,969,Narrow,3,E,TR,T5CE005L,2040-12-06 04:40:00,2040-12-06 06:40:00,MUC103,,Narrow,Narrow,NO,MUC103,1
2040-12-06 07:15:00,TZ3609,706,Wide,7,W,TZ,T5CW009,2040-12-06 04:45:00,2040-12-06 06:45:00,MUC106,,Wide,Wide,NO,MUC106,1
2040-12-06 07:20:00,TR2934,1090,Narrow,3,W,TR,T5CW003R,2040-12-06 04:50:00,2040-12-06 06:50:00,MUC107,,Narrow,Narrow,NO,MUC107,1
2040-12-06 07:20:00,TR2822,863,Narrow,3,E,TR,T5CE009L,2040-12-06 04:50:00,2040-12-06 06:50:00,MUC104,,Narrow,Narrow,NO,MUC104,1
2040-12-06 07:25:00,MI20,806,Narrow,3,E,MI,T5CE005R,2040-12-06 04:55:00,2040-12-06 06:55:00,MUC201,,Narrow,Narrow,NO,MUC201,1
2040-12-06 07:30:00,TR2462,794,Narrow,3,W,TR,T5CW010L,2040-12-06 05:00:00,2040-12-06 07:00:00,MUC108,,Narrow,Narrow,NO,MUC108,1
2040-12-06 07:30:00,MI436,984,Narrow,3,W,MI,T5CW006R,2040-12-06 05:00:00,2040-12-06 07:00:00,MUC109,,Narrow,Narrow,NO,MUC109,1
2040-12-06 07:30:00,TR5003,1017,Narrow,3,W,TR,T5CW001L,2040-12-06 05:00:00,2040-12-06 07:00:00,MUC110,,Narrow,Narrow,NO,MUC110,1
2040-12-06 07:35:00,TR3667,894,Narrow,3,E,TR,T5CE010R,2040-12-06 05:05:00,2040-12-06 07:05:00,MUC202,,Narrow,Narrow,NO,MUC202,1
2040-12-06 07:40:00,MI234,934,Narrow,3,W,MI,T5CW002R,2040-12-06 05:10:00,2040-12-06 07:10:00,MUC205,,Narrow,Narrow,NO,MUC205,1
2040-12-06 07:45:00,MI602,738,Narrow,3,W,MI,T5CW007R,2040-12-06 05:15:00,2040-12-06 07:15:00,MUC206,,Narrow,Narrow,NO,MUC206,1
2040-12-06 07:45:00,TR2948,816,Narrow,3,E,TR,T5CE011L,2040-12-06 05:15:00,2040-12-06 07:15:00,MUC203,,Narrow,Narrow,NO,MUC203,1
2040-12-06 07:50:00,TR3627,881,Narrow,3,W,TR,T5CW011R,2040-12-06 05:20:00,2040-12-06 07:20:00,MUC207,,Narrow,Narrow,NO,MUC207,1
2040-12-06 07:50:00,MI124,1019,Narrow,3,W,MI,T5CW003L,2040-12-06 05:20:00,2040-12-06 07:20:00,MUC106,,Narrow,Narrow,NO,MUC106,1
2040-12-06 07:50:00,MI68,1143,Narrow,3,E,MI,T5CE008L,2040-12-06 05:20:00,2040-12-06 07:20:00,SPLIT,,Narrow,Narrow,NO,MUC204+MUC101+MUC102,3
2040-12-06 07:55:00,TR2260,781,Narrow,3,W,TR,T5CW011L,2040-12-06 05:25:00,2040-12-06 07:25:00,SPLIT,,Narrow,Narrow,NO,MUC107+MUC108+MUC109,3
2040-12-06 08:00:00,TR2152,782,Narrow,3,W,TR,T5CW007L,2040-12-06 05:30:00,2040-12-06 07:30:00,MUC208,,Narrow,Narrow,NO,MUC208,1
2040-12-06 08:00:00,TZ3621,785,Wide,7,W,TZ,T5CW005,2040-12-06 05:30:00,2040-12-06 07:30:00,MUC209,,Wide,Wide,NO,MUC209,1
2040-12-06 08:00:00,MI366,1145,Narrow,3,W,MI,T5CW001R,2040-12-06 05:30:00,2040-12-06 07:30:00,SPLIT,,Narrow,Narrow,NO,MUC210+MUC105+MUC106,3
2040-12-06 08:00:00,MI3629,1147,Narrow,3,E,MI,T5CE011R,2040-12-06 05:30:00,2040-12-06 07:30:00,SPLIT,,Narrow,Narrow,NO,MUC103+MUC104+MUC201,3
2040-12-06 08:10:00,MI1983,951,Narrow,3,W,MI,T5CW010R,2040-12-06 05:40:00,2040-12-06 07:40:00,MUC209,,Narrow,Narrow,NO,MUC209,1
2040-12-06 08:10:00,TZ3604,795,Wide,7,E,TZ,T5CE004,2040-12-06 05:40:00,2040-12-06 07:40:00,MUC104,,Wide,Wide,NO,MUC104,1
2040-12-06 08:10:00,MI3638,960,Wide,3,E,MI,T5CE007R,2040-12-06 05:40:00,2040-12-06 07:40:00,MUC201,,Narrow,Wide,YES,MUC201,1
2040-12-06 08:20:00,MI2495,765,Wide,3,E,MI,T5CE007L,2040-12-06 05:50:00,2040-12-06 07:50:00,MUC202,,Narrow,Wide,YES,MUC202,1
2040-12-06 08:25:00,TR2106,901,Narrow,3,W,TR,R5CW502L,2040-12-06 05:55:00,2040-12-06 07:55:00,SPLIT,,Narrow,Narrow,NO,MUC110+MUC205+MUC206,3
2040-12-06 08:30:00,TR3611,941,Narrow,3,W,TR,R5DW701L,2040-12-06 06:00:00,2040-12-06 08:00:00,SPLIT,,Narrow,Narrow,NO,MUC207+MUC208+MUC209,3
2040-12-06 08:30:00,TR94,804,Narrow,3,W,TR,R5CW501,2040-12-06 06:00:00,2040-12-06 08:00:00,MUC210,,Narrow,Narrow,NO,MUC210,1
2040-12-06 08:30:00,MI702,1152,Narrow,3,E,MI,R5CE501L,2040-12-06 06:00:00,2040-12-06 08:00:00,MUC204,,Narrow,Narrow,NO,MUC204,1
2040-12-06 08:35:00,TR2662,844,Wide,3,W,TR,R5CW502R,2040-12-06 06:05:00,2040-12-06 08:05:00,MUC208,,Narrow,Wide,YES,MUC208,1
2040-12-06 08:50:00,TZ5513,873,Wide,7,E,TZ,T5CE005,2040-12-06 06:20:00,2040-12-06 08:20:00,MUC101,,Wide,Wide,NO,MUC101,1
2040-12-06 08:55:00,TR2994,830,Narrow,3,W,TR,T5CW003L,2040-12-06 06:25:00,2040-12-06 08:25:00,MUC105,,Narrow,Narrow,NO,MUC105,1
2040-12-06 09:00:00,TR2428,834,Wide,3,W,TR,T5CW007R,2040-12-06 06:30:00,2040-12-06 08:30:00,MUC107,,Narrow,Wide,YES,MUC107,1
2040-12-06 09:00:00,MI986,1154,Narrow,3,E,MI,T5CE009R,2040-12-06 06:30:00,2040-12-06 08:30:00,MUC101,,Narrow,Narrow,NO,MUC101,1
2040-12-06 09:05:00,TZ282,786,Wide,7,E,TZ,T5CE006,2040-12-06 06:35:00,2040-12-06 08:35:00,MUC102,,Wide,Wide,NO,MUC102,1
2040-12-06 09:15:00,TR1990,887,Wide,3,W,TR,T5CW006L,2040-12-06 06:45:00,2040-12-06 08:45:00,MUC109,,Narrow,Wide,YES,MUC109,1
2040-12-06 09:15:00,TR1992,882,Wide,3,W,TR,T5CW002L,2040-12-06 06:45:00,2040-12-06 08:45:00,MUC108,,Narrow,Wide,YES,MUC108,1
2040-12-06 09:25:00,TR3601,796,Narrow,3,W,TR,T5CW006R,2040-12-06 06:55:00,2040-12-06 08:55:00,MUC107,,Narrow,Narrow,NO,MUC107,1
2040-12-06 09:30:00,TR1988,787,Narrow,3,W,TR,T5CW011R,2040-12-06 07:00:00,2040-12-06 09:00:00,MUC108,,Narrow,Narrow,NO,MUC108,1
2040-12-06 09:35:00,TR3603,831,Narrow,3,W,TR,T5CW002R,2040-12-06 07:05:00,2040-12-06 09:05:00,MUC109,,Narrow,Narrow,NO,MUC109,1
2040-12-06 09:35:00,TR1986,1155,Narrow,3,W,TR,T5CW011L,2040-12-06 07:05:00,2040-12-06 09:05:00,MUC110,,Narrow,Narrow,NO,MUC110,1
2040-12-06 09:45:00,TR2454,890,Narrow,3,E,TR,T5CE008L,2040-12-06 07:15:00,2040-12-06 09:15:00,MUC103,,Narrow,Narrow,NO,MUC103,1
2040-12-06 09:50:00,TR88,805,Narrow,3,W,TR,T5CW001L,2040-12-06 07:20:00,2040-12-06 09:20:00,MUC205,,Narrow,Narrow,NO,MUC205,1
2040-12-06 10:00:00,TR2916,1116,Narrow,3,W,TR,T5CW003R,2040-12-06 07:30:00,2040-12-06 09:30:00,MUC206,,Narrow,Narrow,NO,MUC206,1
2040-12-06 10:00:00,TR2308,832,Narrow,3,E,TR,T5CE009L,2040-12-06 07:30:00,2040-12-06 09:30:00,MUC104,,Narrow,Narrow,NO,MUC104,1
2040-12-06 10:05:00,TR2182,797,Narrow,3,W,TR,T5CW008L,2040-12-06 07:35:00,2040-12-06 09:35:00,MUC207,,Narrow,Narrow,NO,MUC207,1
2040-12-06 10:10:00,TZ5501,822,Wide,7,W,TZ,T5CW005,2040-12-06 07:40:00,2040-12-06 09:40:00,MUC209,,Wide,Wide,NO,MUC209,1
2040-12-06 10:10:00,TZ5503,817,Wide,7,E,TZ,T5CE010,2040-12-06 07:40:00,2040-12-06 09:40:00,MUC201,,Wide,Wide,NO,MUC201,1
2040-12-06 10:15:00,TR2278,818,Narrow,3,E,TR,T5CE008R,2040-12-06 07:45:00,2040-12-06 09:45:00,MUC202,,Narrow,Narrow,NO,MUC202,1
2040-12-06 10:25:00,TZ82,884,Wide,7,W,TZ,T5CW004,2040-12-06 07:55:00,2040-12-06 09:55:00,MUC110,,Wide,Wide,NO,MUC110,1
2040-12-06 10:25:00,TR3659,802,Narrow,3,W,TR,T5CW007L,2040-12-06 07:55:00,2040-12-06 09:55:00,MUC106,,Narrow,Narrow,NO,MUC106,1
2040-12-06 10:30:00,TR1984,819,Narrow,3,E,TR,T5CE011L,2040-12-06 08:00:00,2040-12-06 10:00:00,MUC203,,Narrow,Narrow,NO,MUC203,1
2040-12-06 10:45:00,TZ3602,799,Wide,7,W,TZ,T5CW009,2040-12-06 08:15:00,2040-12-06 10:15:00,MUC205,,Wide,Wide,NO,MUC205,1
2040-12-06 11:00:00,TZ226,874,Wide,7,E,TZ,T5CE001,2040-12-06 08:30:00,2040-12-06 10:30:00,MUC204,,Wide,Wide,NO,MUC204,1
2040-12-06 11:00:00,TR2742,1128,Narrow,3,E,TR,T5CE011R,2040-12-06 08:30:00,2040-12-06 10:30:00,MUC101,,Narrow,Narrow,NO,MUC101,1
2040-12-06 11:10:00,TR86,823,Narrow,3,E,TR,T5CE007R,2040-12-06 08:40:00,2040-12-06 10:40:00,MUC102,,Narrow,Narrow,NO,MUC102,1
2040-12-06 11:25:00,TZ5511,780,Wide,7,E,TZ,T5CE003,2040-12-06 08:55:00,2040-12-06 10:55:00,MUC103,,Wide,Wide,NO,MUC103,1
2040-12-06 11:55:00,TR2176,1056,Narrow,3,E,TR,T5CE008L,2040-12-06 09:25:00,2040-12-06 11:25:00,MUC201,,Narrow,Narrow,NO,MUC201,1
2040-12-06 12:00:00,TR2996,972,Narrow,3,W,TR,T5CW003L,2040-12-06 09:30:00,2040-12-06 11:30:00,MUC208,,Narrow,Narrow,NO,MUC208,1
2040-12-06 12:00:00,TR3631,940,Narrow,3,W,TR,T5CW011L,2040-12-06 09:30:00,2040-12-06 11:30:00,MUC206,,Narrow,Narrow,NO,MUC206,1
2040-12-06 12:15:00,TZ5525,800,Wide,7,E,TZ,T5CE002,2040-12-06 09:45:00,2040-12-06 11:45:00,MUC202,,Wide,Wide,NO,MUC202,1
2040-12-06 12:30:00,TZ8,902,Wide,7,E,TZ,T5CE004,2040-12-06 10:00:00,2040-12-06 12:00:00,MUC203,,Wide,Wide,NO,MUC203,1
2040-12-06 12:35:00,TR2104,891,Narrow,3,W,TR,T5CW002R,2040-12-06 10:05:00,2040-12-06 12:05:00,MUC209,,Narrow,Narrow,NO,MUC209,1
2040-12-06 12:40:00,TR2956,824,Narrow,3,E,TR,T5CE005R,2040-12-06 10:10:00,2040-12-06 12:10:00,MUC204,,Narrow,Narrow,NO,MUC204,1
2040-12-06 12:50:00,TR3647,1048,Narrow,3,W,TR,T5CW007R,2040-12-06 10:20:00,2040-12-06 12:20:00,MUC210,,Narrow,Narrow,NO,MUC210,1
2040-12-06 12:50:00,TR3615,854,Narrow,3,E,TR,T5CE005L,2040-12-06 10:20:00,2040-12-06 12:20:00,MUC103,,Narrow,Narrow,NO,MUC103,1
2040-12-06 12:55:00,TR2904,845,Narrow,3,W,TR,T5CW011R,2040-12-06 10:25:00,2040-12-06 12:25:00,MUC105,,Narrow,Narrow,NO,MUC105,1
2040-12-06 13:00:00,TR2324,875,Narrow,3,W,TR,T5CW003L,2040-12-06 10:30:00,2040-12-06 12:30:00,MUC106,,Narrow,Narrow,NO,MUC106,1
2040-12-06 13:20:00,TR3629,892,Narrow,3,E,TR,T5CE008L,2040-12-06 10:50:00,2040-12-06 12:50:00,MUC104,,Narrow,Narrow,NO,MUC104,1
2040-12-06 13:20:00,TR2424,868,Narrow,3,W,TR,T5CW007L,2040-12-06 10:50:00,2040-12-06 12:50:00,MUC107,,Narrow,Narrow,NO,MUC107,1
2040-12-06 13:20:00,TR2132,1162,Narrow,3,W,TR,T5CW001L,2040-12-06 10:50:00,2040-12-06 12:50:00,MUC108,,Narrow,Narrow,NO,MUC108,1
2040-12-06 13:30:00,TR82,1029,Narrow,3,W,TR,T5CW003R,2040-12-06 11:00:00,2040-12-06 13:00:00,MUC109,,Narrow,Narrow,NO,MUC109,1
2040-12-06 13:35:00,TR3669,914,Narrow,3,W,TR,T5CW006R,2040-12-06 11:05:00,2040-12-06 13:05:00,MUC110,,Narrow,Narrow,NO,MUC110,1
2040-12-06 14:00:00,TR2702,950,Narrow,3,W,TR,T5CW003L,2040-12-06 11:30:00,2040-12-06 13:30:00,MUC206,,Narrow,Narrow,NO,MUC206,1
2040-12-06 14:00:00,TZ5515,883,Wide,7,W,TZ,T5CW009,2040-12-06 11:30:00,2040-12-06 13:30:00,MUC205,,Wide,Wide,NO,MUC205,1
2040-12-06 14:00:00,TR2066,916,Narrow,3,E,TR,T5CE009L,2040-12-06 11:30:00,2040-12-06 13:30:00,MUC202,,Narrow,Narrow,NO,MUC202,1
2040-12-06 14:00:00,TZ3607,915,Wide,7,E,TZ,T5CE004,2040-12-06 11:30:00,2040-12-06 13:30:00,MUC201,,Wide,Wide,NO,MUC201,1
2040-12-06 15:20:00,TR2288,1028,Narrow,3,W,TR,T5CW011L,2040-12-06 12:50:00,2040-12-06 14:50:00,MUC207,,Narrow,Narrow,NO,MUC207,1
2040-12-06 15:20:00,TR2482,991,Narrow,3,E,TR,T5CE008L,2040-12-06 12:50:00,2040-12-06 14:50:00,MUC203,,Narrow,Narrow,NO,MUC203,1
2040-12-06 15:30:00,TR2112,982,Narrow,3,W,TR,T5CW011R,2040-12-06 13:00:00,2040-12-06 15:00:00,MUC209,,Narrow,Narrow,NO,MUC209,1
2040-12-06 15:30:00,TR2328,939,Narrow,3,W,TR,T5CW003L,2040-12-06 13:00:00,2040-12-06 15:00:00,MUC208,,Narrow,Narrow,NO,MUC208,1
2040-12-06 16:00:00,TR1978,942,Narrow,3,W,TR,T5CW006R,2040-12-06 13:30:00,2040-12-06 15:30:00,MUC210,,Narrow,Narrow,NO,MUC210,1
2040-12-06 16:05:00,TZ5509,1009,Wide,7,E,TZ,T5CE004,2040-12-06 13:35:00,2040-12-06 15:35:00,MUC204,,Wide,Wide,NO,MUC204,1
2040-12-06 16:15:00,TR1976,996,Narrow,3,W,TR,T5CW002R,2040-12-06 13:45:00,2040-12-06 15:45:00,MUC105,,Narrow,Narrow,NO,MUC105,1
2040-12-06 16:20:00,TR3607,963,Narrow,3,E,TR,T5CE008L,2040-12-06 13:50:00,2040-12-06 15:50:00,MUC101,,Narrow,Narrow,NO,MUC101,1
2040-12-06 16:35:00,TR2464,992,Narrow,3,W,TR,T5CW003L,2040-12-06 14:05:00,2040-12-06 16:05:00,MUC106,,Narrow,Narrow,NO,MUC106,1
2040-12-06 16:45:00,TZ5517,943,Wide,7,E,TZ,T5CE006,2040-12-06 14:15:00,2040-12-06 16:15:00,MUC102,,Wide,Wide,NO,MUC102,1
2040-12-06 17:00:00,TR3653,997,Narrow,3,W,TR,T5CW001L,2040-12-06 14:30:00,2040-12-06 16:30:00,MUC107,,Narrow,Narrow,NO,MUC107,1
2040-12-06 17:10:00,TZ108,968,Wide,7,W,TZ,T5CW005,2040-12-06 14:40:00,2040-12-06 16:40:00,MUC108,,Wide,Wide,NO,MUC108,1
2040-12-06 17:30:00,TR2656,1001,Narrow,3,W,TR,T5CW011L,2040-12-06 15:00:00,2040-12-06 17:00:00,MUC109,,Narrow,Narrow,NO,MUC109,1
2040-12-06 17:35:00,TR3637,1002,Narrow,3,E,TR,T5CE002L,2040-12-06 15:05:00,2040-12-06 17:05:00,MUC103,,Narrow,Narrow,NO,MUC103,1
2040-12-06 17:35:00,TZ302,983,Wide,7,W,TZ,T5CW004,2040-12-06 15:05:00,2040-12-06 17:05:00,MUC110,,Wide,Wide,NO,MUC110,1
2040-12-06 17:40:00,TR3666,1045,Narrow,3,W,TR,T5CW011R,2040-12-06 15:10:00,2040-12-06 17:10:00,MUC205,,Narrow,Narrow,NO,MUC205,1
2040-12-06 17:50:00,TR2726,1003,Narrow,3,E,TR,T5CE009L,2040-12-06 15:20:00,2040-12-06 17:20:00,MUC104,,Narrow,Narrow,NO,MUC104,1
2040-12-06 18:00:00,TR2108,1166,Narrow,3,W,TR,T5CW002L,2040-12-06 15:30:00,2040-12-06 17:30:00,MUC206,,Narrow,Narrow,NO,MUC206,1
2040-12-06 18:00:00,TR76,1042,Narrow,3,E,TR,T5CE009R,2040-12-06 15:30:00,2040-12-06 17:30:00,MUC201,,Narrow,Narrow,NO,MUC201,1
2040-12-06 18:05:00,TR2968,1018,Narrow,3,E,TR,T5CE002R,2040-12-06 15:35:00,2040-12-06 17:35:00,MUC202,,Narrow,Narrow,NO,MUC202,1
2040-12-06 18:10:00,TR2272,1010,Narrow,3,W,TR,T5CW003R,2040-12-06 15:40:00,2040-12-06 17:40:00,MUC207,,Narrow,Narrow,NO,MUC207,1
2040-12-06 18:15:00,TR3639,1030,Narrow,3,E,TR,T5CE008L,2040-12-06 15:45:00,2040-12-06 17:45:00,MUC203,,Narrow,Narrow,NO,MUC203,1
2040-12-06 18:20:00,TR2158,1016,Narrow,3,E,TR,T5CE011L,2040-12-06 15:50:00,2040-12-06 17:50:00,MUC204,,Narrow,Narrow,NO,MUC204,1
2040-12-06 18:35:00,TR1974,977,Narrow,3,W,TR,T5CW001L,2040-12-06 16:05:00,2040-12-06 18:05:00,MUC208,,Narrow,Narrow,NO,MUC208,1
2040-12-06 18:50:00,TR2426,1053,Narrow,3,E,TR,T5CE009L,2040-12-06 16:20:00,2040-12-06 18:20:00,MUC101,,Narrow,Narrow,NO,MUC101,1
2040-12-06 19:00:00,TR78,1021,Narrow,3,E,TR,T5CE009R,2040-12-06 16:30:00,2040-12-06 18:30:00,MUC102,,Narrow,Narrow,NO,MUC102,1
2040-12-06 19:00:00,TR2952,1031,Narrow,3,W,TR,T5CW011R,2040-12-06 16:30:00,2040-12-06 18:30:00,MUC209,,Narrow,Narrow,NO,MUC209,1
2040-12-06 19:00:00,TZ2404,999,Wide,7,E,TZ,T5CE001,2040-12-06 16:30:00,2040-12-06 18:30:00,MUC102,,Wide,Wide,NO,MUC102,1
2040-12-06 19:15:00,TR2332,1134,Narrow,3,W,TR,T5CW002R,2040-12-06 16:45:00,2040-12-06 18:45:00,MUC105,,Narrow,Narrow,NO,MUC105,1
2040-12-06 19:15:00,TR72,1032,Narrow,3,W,TR,T5CW011L,2040-12-06 16:45:00,2040-12-06 18:45:00,MUC210,,Narrow,Narrow,NO,MUC210,1
2040-12-06 19:20:00,TR3649,1004,Narrow,3,E,TR,T5CE011L,2040-12-06 16:50:00,2040-12-06 18:50:00,SPLIT,,Narrow,Narrow,NO,MUC103+MUC104+MUC201,3
2040-12-06 19:25:00,TR74,1022,Narrow,3,W,TR,T5CW003R,2040-12-06 16:55:00,2040-12-06 18:55:00,MUC106,,Narrow,Narrow,NO,MUC106,1
2040-12-06 19:25:00,TR90,1135,Narrow,3,W,TR,T5CW006R,2040-12-06 16:55:00,2040-12-06 18:55:00,MUC107,,Narrow,Narrow,NO,MUC107,1
2040-12-06 19:30:00,TR68,1169,Narrow,3,E,TR,T5CE011R,2040-12-06 17:00:00,2040-12-06 19:00:00,SPLIT,,Narrow,Narrow,NO,MUC202+MUC203+MUC204,3
2040-12-06 19:30:00,TZ3627,1012,Wide,7,E,TZ,T5CE004,2040-12-06 17:00:00,2040-12-06 19:00:00,MUC104,,Wide,Wide,NO,MUC104,1
2040-12-06 19:40:00,TR1998,1046,Narrow,3,E,TR,T5CE008L,2040-12-06 17:10:00,2040-12-06 19:10:00,MUC103,,Narrow,Narrow,NO,MUC103,1
2040-12-06 19:55:00,TR3645,1081,Narrow,3,E,TR,T5CE008R,2040-12-06 17:25:00,2040-12-06 19:25:00,MUC104,,Narrow,Narrow,NO,MUC104,1
2040-12-06 20:00:00,TZ504,1073,Wide,7,E,TZ,T5CE010,2040-12-06 17:30:00,2040-12-06 19:30:00,MUC202,,Wide,Wide,NO,MUC202,1
2040-12-06 20:00:00,TZ3625,1023,Wide,7,E,TZ,T5CE003,2040-12-06 17:30:00,2040-12-06 19:30:00,MUC201,,Wide,Wide,NO,MUC201,1
2040-12-06 20:00:00,TZ3623,1177,Wide,7,W,TZ,T5CW009,2040-12-06 17:30:00,2040-12-06 19:30:00,MUC109,,Wide,Wide,NO,MUC109,1
2040-12-06 20:00:00,MI8,1070,Narrow,3,W,MI,T5CW003L,2040-12-06 17:30:00,2040-12-06 19:30:00,MUC108,,Narrow,Narrow,NO,MUC108,1
2040-12-06 20:10:00,TR4182,1180,Narrow,3,W,TR,T5CW001R,2040-12-06 17:40:00,2040-12-06 19:40:00,MUC110,,Narrow,Narrow,NO,MUC110,1
2040-12-06 20:10:00,TZ502,1054,Wide,7,E,TZ,T5CE006,2040-12-06 17:40:00,2040-12-06 19:40:00,MUC203,,Wide,Wide,NO,MUC203,1
2040-12-06 20:15:00,TZ3619,1055,Wide,7,W,TZ,T5CW010,2040-12-06 17:45:00,2040-12-06 19:45:00,MUC206,,Wide,Wide,NO,MUC206,1
2040-12-06 20:15:00,TZ3605,1037,Wide,7,W,TZ,T5CW007,2040-12-06 17:45:00,2040-12-06 19:45:00,MUC205,,Wide,Wide,NO,MUC205,1
2040-12-06 20:20:00,TR5005,1185,Narrow,3,W,TR,T5CW002R,2040-12-06 17:50:00,2040-12-06 19:50:00,MUC207,,Narrow,Narrow,NO,MUC207,1
2040-12-06 20:30:00,TR3661,1043,Narrow,3,E,TR,T5CE005R,2040-12-06 18:00:00,2040-12-06 20:00:00,MUC204,,Narrow,Narrow,NO,MUC204,1
2040-12-06 20:30:00,TR1966,1058,Narrow,3,W,TR,T5CW006L,2040-12-06 18:00:00,2040-12-06 20:00:00,MUC109,,Narrow,Narrow,NO,MUC109,1
2040-12-06 20:40:00,TR3663,1187,Narrow,3,E,TR,T5CE008L,2040-12-06 18:10:00,2040-12-06 20:10:00,MUC201,,Narrow,Narrow,NO,MUC201,1
2040-12-06 20:55:00,TR3613,1188,Narrow,3,W,TR,T5CW001L,2040-12-06 18:25:00,2040-12-06 20:25:00,MUC205,,Narrow,Narrow,NO,MUC205,1
2040-12-06 20:55:00,TR3617,1189,Narrow,3,E,TR,T5CE007R,2040-12-06 18:25:00,2040-12-06 20:25:00,MUC202,,Narrow,Narrow,NO,MUC202,1
2040-12-06 21:00:00,TZ224,1125,Wide,7,W,TZ,T5CW005,2040-12-06 18:30:00,2040-12-06 20:30:00,MUC207,,Wide,Wide,NO,MUC207,1
2040-12-06 21:10:00,TZ3613,1195,Wide,7,E,TZ,T5CE001,2040-12-06 18:40:00,2040-12-06 20:40:00,MUC204,,Wide,Wide,NO,MUC204,1
2040-12-06 21:15:00,TR2664,1196,Narrow,3,W,TR,T5CW003L,2040-12-06 18:45:00,2040-12-06 20:45:00,MUC208,,Narrow,Narrow,NO,MUC208,1
2040-12-06 21:25:00,TZ3615,1198,Wide,7,E,TZ,T5CE004,2040-12-06 18:55:00,2040-12-06 20:55:00,MUC101,,Wide,Wide,NO,MUC101,1
2040-12-06 21:30:00,TR3655,1099,Narrow,3,W,TR,T5CW007R,2040-12-06 19:00:00,2040-12-06 21:00:00,MUC209,,Narrow,Narrow,NO,MUC209,1
2040-12-06 21:40:00,TR2988,1200,Narrow,3,W,TR,T5CW008L,2040-12-06 19:10:00,2040-12-06 21:10:00,MUC210,,Narrow,Narrow,NO,MUC210,1
2040-12-06 22:00:00,TR3657,1117,Narrow,3,E,TR,T5CE008L,2040-12-06 19:30:00,2040-12-06 21:30:00,MUC102,,Narrow,Narrow,NO,MUC102,1
2040-12-06 22:15:00,TR2652,1202,Narrow,3,W,TR,T5CW006R,2040-12-06 19:45:00,2040-12-06 21:45:00,MUC105,,Narrow,Narrow,NO,MUC105,1
2040-12-06 22:25:00,TZ6,1136,Wide,7,W,TZ,T5CW004,2040-12-06 19:55:00,2040-12-06 21:55:00,MUC106,,Wide,Wide,NO,MUC106,1
2040-12-06 22:30:00,TR2624,1203,Narrow,3,W,TR,T5CW007R,2040-12-06 20:00:00,2040-12-06 22:00:00,MUC107,,Narrow,Narrow,NO,MUC107,1
2040-12-06 23:00:00,TR2668,1204,Narrow,3,W,TR,T5CW008L,2040-12-06 20:30:00,2040-12-06 22:30:00,MUC108,,Narrow,Narrow,NO,MUC108,1
